{
  "train_loss": [
    1.6907187569451023,
    1.3333167652805131,
    1.273972532811103,
    1.2475286467508837,
    1.221915494234531,
    1.2042357924696687,
    1.182082225362976,
    1.1701632270952325,
    1.147674024492115,
    1.1458470978907176,
    1.1289238358472848,
    1.122774023475585,
    1.1144693392437774,
    1.1113831166710173,
    1.1116510069989538
  ],
  "train_acc": [
    0.843952922077922,
    0.9467938311688312,
    0.9594967532467532,
    0.9640016233766234,
    0.9688311688311688,
    0.9715909090909091,
    0.9745535714285715,
    0.9757711038961039,
    0.98125,
    0.9801136363636364,
    0.9849431818181819,
    0.9854707792207792,
    0.9867288961038961,
    0.9860795454545455,
    0.9863636363636363
  ],
  "val_loss": [
    1.1027250765657972,
    0.6649991257437344,
    0.6410250174314126,
    0.6375097369051528,
    0.6354053376186853,
    0.6335930670814952,
    0.6321342037738055,
    0.6312992121981478,
    0.6300136104123346,
    0.6294306951007623,
    0.6288377182237033,
    0.6287145170124098,
    0.6283432940505017,
    0.6283524989807743,
    0.6282226738984558
  ],
  "val_acc": [
    0.9747126436781609,
    0.9944827586206897,
    0.9954022988505747,
    0.9947126436781609,
    0.9963218390804598,
    0.996551724137931,
    0.996551724137931,
    0.9967816091954023,
    0.9972413793103448,
    0.9970114942528736,
    0.9974712643678161,
    0.9974712643678161,
    0.9974712643678161,
    0.9974712643678161,
    0.9972413793103448
  ],
  "val_f1": [
    0.9340065782155041,
    0.9898751281182372,
    0.9914426969096081,
    0.990273130028159,
    0.9928216949877823,
    0.9931095854693907,
    0.9938790122509245,
    0.9942581654492166,
    0.995001391355797,
    0.9946398790466238,
    0.9954069305248479,
    0.9954069305248479,
    0.9955004166163822,
    0.9954069305248479,
    0.9949421347512467
  ],
  "target_snapshot_epoch": [
    3,
    6,
    9,
    12,
    15
  ],
  "target_snapshot_acc": [
    0.5032679738562091,
    0.48366013071895425,
    0.477124183006536,
    0.49019607843137253,
    0.49019607843137253
  ],
  "target_snapshot_f1": [
    0.3891646694042709,
    0.3766770889331126,
    0.3476348631239936,
    0.3488242042303827,
    0.3382794357046612
  ]
}