{
  "source_acc": 0.9974712643678161,
  "source_f1": 0.9955004166163822,
  "target_acc": 0.49019607843137253,
  "target_f1": 0.3464384561635201,
  "delta_acc": -0.5072751859364435,
  "delta_f1": -0.6490619604528621,
  "checkpoint": "best (val F1)",
  "tta_hflip": true,
  "tent_enabled": true,
  "tent_steps": 20
}