{
  "train_loss": [
    1.6096074629913677,
    1.3414396241887823,
    1.2907002691324656,
    1.2602349368782786,
    1.2360413397287393,
    1.2140404842116617,
    1.188794632120566,
    1.1744297782322028,
    1.1542426286192684,
    1.1485033818266608,
    1.1322825918336967,
    1.1250468706542796,
    1.1151685389992478,
    1.1102923853056772,
    1.1091816657936417
  ],
  "train_acc": [
    0.864650974025974,
    0.9453733766233766,
    0.9540584415584416,
    0.9592938311688312,
    0.9625405844155844,
    0.967288961038961,
    0.9712662337662338,
    0.9733360389610389,
    0.9783279220779221,
    0.9778814935064936,
    0.981939935064935,
    0.9833603896103896,
    0.9857142857142858,
    0.9859983766233766,
    0.9871347402597402
  ],
  "val_loss": [
    0.8090358335122295,
    0.6495654005565863,
    0.6448036492830035,
    0.6409697082398952,
    0.6385733583877826,
    0.6372798789506671,
    0.635836969490709,
    0.6341019035481859,
    0.6330777947107951,
    0.632284703336913,
    0.6313003337246248,
    0.6311197211002482,
    0.6305702079849682,
    0.630304437450979,
    0.6302433993624544
  ],
  "val_acc": [
    0.9885057471264368,
    0.9951724137931034,
    0.9963218390804598,
    0.9963218390804598,
    0.996551724137931,
    0.996551724137931,
    0.9970114942528736,
    0.9972413793103448,
    0.9970114942528736,
    0.9972413793103448,
    0.9974712643678161,
    0.9972413793103448,
    0.9972413793103448,
    0.9972413793103448,
    0.9972413793103448
  ],
  "val_f1": [
    0.9779118646274041,
    0.9910493423516022,
    0.9928208908958966,
    0.9929431518515953,
    0.9938565589769067,
    0.9937564408620276,
    0.994618101132734,
    0.9949955072842284,
    0.9946496702516096,
    0.9950488543169936,
    0.9955221945302719,
    0.9950488543169936,
    0.9950488543169936,
    0.9949421347512467,
    0.9949421347512467
  ],
  "target_snapshot_epoch": [
    3,
    6,
    9,
    12,
    15
  ],
  "target_snapshot_acc": [
    0.49019607843137253,
    0.48366013071895425,
    0.477124183006536,
    0.46405228758169936,
    0.49673202614379086
  ],
  "target_snapshot_f1": [
    0.3613741561791433,
    0.3589996584002339,
    0.35586129341934297,
    0.34618262415408735,
    0.35907388513619165
  ]
}