{
  "train_loss": [
    1.0360775229992805,
    0.7891677284008497,
    0.7569703732218062,
    0.7391901877406356,
    0.7263159897807356,
    0.7191927137699994,
    0.7022583384405483,
    0.697722429501546,
    0.6865579187482983,
    0.6862037102897446,
    0.6746604867956855,
    0.6710539907991112,
    0.6668866322025077,
    0.6662608943589322,
    0.6654967507758698
  ],
  "train_acc": [
    0.869926948051948,
    0.9491477272727272,
    0.9589691558441559,
    0.9642451298701299,
    0.9678165584415584,
    0.9700892857142858,
    0.9758116883116883,
    0.9768668831168831,
    0.9812094155844155,
    0.9796266233766234,
    0.9842126623376624,
    0.9846996753246753,
    0.986525974025974,
    0.9860795454545455,
    0.986525974025974
  ],
  "val_loss": [
    0.8901573147170845,
    0.6521266282289878,
    0.6400343686136706,
    0.6372134483271632,
    0.6353209731222569,
    0.6341393674105064,
    0.6324102235936571,
    0.6314941644120491,
    0.6307577004651914,
    0.630545042712113,
    0.6299926510624502,
    0.6295854035465197,
    0.62926217520374,
    0.6292411733495779,
    0.6291176704976751
  ],
  "val_acc": [
    0.9852873563218391,
    0.995632183908046,
    0.995632183908046,
    0.9954022988505747,
    0.9958620689655172,
    0.9963218390804598,
    0.9967816091954023,
    0.9972413793103448,
    0.9967816091954023,
    0.9967816091954023,
    0.9972413793103448,
    0.9972413793103448,
    0.9974712643678161,
    0.9972413793103448,
    0.9972413793103448
  ],
  "val_f1": [
    0.9713744230218332,
    0.9917154612115883,
    0.9917213239609809,
    0.9915706362240564,
    0.9928578168524776,
    0.9935787360174195,
    0.9942581654492166,
    0.995017285198118,
    0.9945168319729817,
    0.9946423798143368,
    0.9953991474566299,
    0.9953991474566299,
    0.9955221945302719,
    0.9953991474566299,
    0.9953773695427403
  ],
  "target_snapshot_epoch": [
    3,
    6,
    9,
    12,
    15
  ],
  "target_snapshot_acc": [
    0.48366013071895425,
    0.5098039215686274,
    0.49673202614379086,
    0.5228758169934641,
    0.5228758169934641
  ],
  "target_snapshot_f1": [
    0.37848718488104677,
    0.3960723669747354,
    0.3624514453554701,
    0.39423668730986344,
    0.40268413561632854
  ]
}